#ObjectName,RA,Dec,limit_cz,cz,Redshift,Redshift_uncertainty,zQual,MajorDiam,MinorDiam
HCG01a,00:26:07.13,+25:43:30.7,,10237,0.034147,0.000130,,1.25,0.90
HCG01b,00:26:05.95,+25:43:09.6,,10266,0.034244,0.000133,,1.43,0.36
HCG01c,00:25:54.41,+25:43:25.2,,10056,0.033543,0.000113,,0.36,0.36
HCG01d,00:25:58.81,+25:43:30.7,,10120,0.033757,0.000157,,0.28,0.16
HCG06a,00:39:13.79,-08:23:39.5,,11668,0.038920,0.000150,,0.48,0.24
HCG06b,00:39:10.22,-08:23:49.6,,11377,0.037950,0.000203,,0.71,0.29
HCG06c,00:39:11.06,-08:23:59.3,,10967,0.036582,0.000203,,0.73,0.37
HCG06d,00:39:07.57,-08:24:03.6,,11434,0.038140,0.000207,,0.30,0.16
HCG07a,00:39:13.43,+00:51:51.6,,4133,0.013787,0.000008,,1.9,0.9
HCG07b,00:39:17.84,+00:54:45.9,,4255,0.014193,0.000080,,1.2,0.8
HCG07c,00:39:34.82,+00:51:35.6,,4415,0.014728,0.000062,,1.75,1.15
HCG07d,00:39:18.79,+00:53:30.9,,4121,0.013746,0.000059,,0.95,0.76
HCG08a,00:49:34.15,+23:34:41.7,,16077,0.053627,0.000117,,0.9,0.7
HCG08b,00:49:35.24,+23:35:29.6,,15981,0.053307,0.000103,,0.3,0.1
HCG08c,00:49:35.74,+23:35:02.9,,17019,0.056769,0.000097,,0.2,0.2
HCG08d,00:49:36.63,+23:34:24.2,,16302,0.054378,0.000100,,0.52,0.44
HCG10a,01:26:21.78,+34:42:10.9,,5189,0.017309,0.000017,,3.0,1.1
HCG10b,01:25:40.40,+34:42:48.0,,4822,0.016084,0.000060,,2.4,2.1
HCG10c,01:26:18.90,+34:45:14.0,,4660,0.015544,0.000107,,1.9,0.5
HCG10d,01:26:30.90,+34:40:31.0,,4662,0.015551,0.000027,,1.0,0.2
HCG12a,01:27:33.40,-04:40:58.8,,14338,0.047826,0.000150,,0.76,0.53
HCG12b,01:27:34.41,-04:39:07.6,,14956,0.049888,0.000127,,0.62,0.39
HCG12c,01:27:37.41,-04:39:40.3,,14569,0.048597,0.000220,,0.40,0.18
HCG12d,01:27:37.16,-04:40:07.5,,14241,0.047503,0.000207,,0.48,0.28
HCG12e,01:27:27.85,-04:40:38.7,,14469,0.048263,0.000207,,0.23,0.15
HCG13a,01:32:20.49,-07:51:34.4,,12469,0.041592,0.000140,,1.0,0.5
HCG13b,01:32:22.31,-07:52:23.5,,12407,0.041385,0.000150,,0.66,0.60
HCG13c,01:32:23.19,-07:52:46.5,,12756,0.042549,0.000150,,0.36,0.19
HCG13d,01:32:19.14,-07:53:45.8,,12209,0.040725,0.000357,,0.23,0.16
HCG13e,01:32:25.99,-07:52:10.3,,12593,0.042006,0.000203,,0.30,0.17
HCG15a,02:07:53.08,+02:10:03.4,,6967,0.023239,0.000100,,1.1,0.5
HCG15b,02:07:34.10,+02:06:54.7,,7117,0.023740,0.000120,,0.8,0.7
HCG15c,02:07:39.78,+02:08:58.8,,7256,0.024203,0.000050,,0.8,0.8
HCG15d,02:07:37.49,+02:10:50.5,,6244,0.020828,0.000120,,0.9,0.8
HCG15e,02:07:25.28,+02:06:58.0,,7197,0.024007,0.000107,,0.3,0.3
HCG15f,02:07:37.79,+02:11:25.4,,6242,0.020821,0.000340,,0.56,0.33
HCG16a,02:09:24.60,-10:08:09.3,,4073,0.013586,0.000033,,1.3,1.0
HCG16b,02:09:20.84,-10:07:59.1,,3864,0.012889,0.000033,,1.76,0.67
HCG16c,02:09:38.53,-10:08:48.1,,3851,0.012844,0.000004,,1.1,0.9
HCG16d,02:09:42.93,-10:11:02.7,,3874,0.012922,0.000017,,1.4,0.7
HCG17a,02:14:05.12,+13:18:39.8,,18228,0.060802,0.000147,,0.36,0.34
HCG17b,02:14:03.85,+13:18:47.3,,18019,0.060105,0.000095,,0.54,0.43
HCG17c,02:14:05.02,+13:19:02.3,,18224,0.060789,0.000350,,0.27,0.20
HCG17d,02:14:07.59,+13:18:23.6,,17487,0.058331,0.000068,,0.18,0.18
HCG17e,02:14:04.21,+13:19:08.6,,17976,0.059961,0.000474,:,0.11,0.09
HCG20a,02:44:12.07,+26:05:57.8,,14477,0.048290,0.000150,,0.48,0.18
HCG20b,02:44:12.55,+26:06:34.3,,14424,0.048113,0.000140,,0.31,0.17
HCG20c,02:44:13.62,+26:06:20.2,,15032,0.050141,0.000150,,0.31,0.28
HCG20e,02:44:16.74,+26:06:10.3,,14312,0.047740,0.000163,,0.18,0.14
HCG20f,02:44:17.18,+26:06:40.8,,14280,0.047633,0.000207,,0.21,0.10
HCG21a,02:45:18.02,-17:42:30.1,,7552,0.025191,0.000033,,1.8,0.6
HCG21b,02:45:36.07,-17:41:20.2,,7293,0.024327,0.000083,,1.7,0.7
HCG21c,02:44:53.67,-17:39:32.9,,7453,0.024861,0.000087,,1.8,1.3
HCG21d,02:45:29.57,-17:32:32.2,,8715,0.029070,0.000150,,0.9,0.8
HCG21e,02:45:22.43,-17:31:59.4,,8819,0.029417,0.000110,,0.9,0.6
HCG23a,03:06:56.02,-09:32:39.0,,4869,0.016241,0.000050,,1.3,0.3
HCG23b,03:07:09.46,-09:35:33.6,,4877,0.016268,0.000037,,1.5,1.1
HCG23c,03:07:18.54,-09:36:46.1,,5373,0.017922,0.000040,,0.8,0.2
HCG23d,03:06:55.35,-09:37:44.1,,4467,0.014900,0.000070,,0.64,0.51
HCG24a,03:20:15.16,-10:51:47.1,,9248,0.030848,0.000137,,0.5,0.4
HCG24b,03:20:22.61,-10:52:01.0,,9137,0.030478,0.000147,,0.4,0.4
HCG24c,03:20:12.76,-10:51:47.8,,9283,0.030965,0.000364,,0.40,0.28
HCG24d,03:20:20.08,-10:51:28.6,,8779,0.029284,0.000203,,0.22,0.16
HCG24e,03:20:17.94,-10:52:01.8,,9323,0.031098,0.000203,,0.16,0.15
HCG25a,03:20:42.94,-01:06:30.9,,6285,0.020965,0.000100,,1.3,0.6
HCG25b,03:20:45.41,-01:02:40.9,,6331,0.021118,0.000027,,0.97,0.64
HCG25d,03:20:38.55,-01:02:06.1,,6322,0.021087,0.000070,,0.16,0.11
HCG25f,03:20:45.33,-01:03:14.3,,6244,0.020829,0.000059,,0.70,0.34
HCG26a,03:21:55.28,-13:39:00.5,,9678,0.032282,0.000167,,0.90,0.11
HCG26b,03:21:56.42,-13:38:54.7,,9332,0.031128,0.000130,,0.65,0.32
HCG26c,03:21:49.41,-13:38:41.5,,9618,0.032082,0.000207,,0.32,0.15
HCG26d,03:21:56.51,-13:38:42.2,,9133,0.030464,0.000207,,0.19,0.17
HCG26e,03:21:51.13,-13:39:48.0,,9623,0.032099,0.000167,,0.35,0.12
HCG26f,03:21:57.55,-13:39:46.5,,9626,0.032109,0.000153,,0.18,0.12
HCG26g,03:21:55.23,-13:38:54.1,,9293,0.030998,0.000207,,0.20,0.17
HCG30a,04:36:18.63,-02:49:53.0,,4697,0.015668,0.000067,,1.2,0.8
HCG30b,04:36:30.26,-02:51:59.2,,4625,0.015427,0.000080,,1.1,0.9
HCG30c,04:36:23.37,-02:47:59.9,,4508,0.015037,0.000127,:,0.58,0.42
HCG30d,04:36:36.59,-02:50:35.2,,4794,0.015991,0.000150,,0.51,0.34
HCG31a,05:01:38.67,-04:15:33.6,,4074,0.013589,0.000003,,1.08,0.66
HCG31b,05:01:36.17,-04:15:43.3,,4136,0.013797,0.000007,,0.87,0.46
HCG31c,05:01:37.76,-04:15:28.4,,4019,0.013406,0.000001,,0.61,0.23
HCG31f,05:01:40.02,-04:16:22.4,,3968,0.013236,,,,
HCG31g,05:01:44.01,-04:17:19.5,,3991,0.013313,0.000127,,0.6,0.3
HCG31q,05:01:38.34,-04:13:20.8,,4090,0.013643,,,,
LEDA3080767,05:02:05.57,-04:30:01.1,,3960,0.013209,0.000150,,0.9,0.6
HCG32a,05:01:45.22,-15:26:55.5,,12547,0.041852,0.000127,,0.63,0.51
HCG32b,05:01:40.10,-15:23:54.4,,12125,0.040445,0.000190,,0.54,0.22
HCG32c,05:01:48.62,-15:25:50.4,,12039,0.040158,0.000150,,0.46,0.29
HCG32d,05:01:45.37,-15:25:50.4,,12263,0.040905,0.000150,,0.46,0.24
HCG33a,05:10:47.62,+18:01:10.8,,7464,0.024897,0.000070,,0.37,0.34
HCG33b,05:10:47.14,+18:01:49.0,,7858,0.026211,0.000050,,0.53,0.33
HCG33c,05:10:44.70,+18:01:12.0,,7823,0.026095,0.000157,:,0.78,0.22
HCG33d,05:10:53.15,+18:02:01.0,,7767,0.025908,0.000123,,0.24,0.24
HCG34a,05:21:45.76,+06:41:19.9,,8994,0.030000,0.000100,,1.6,0.4
HCG34b,05:21:49.79,+06:40:37.3,,9620,0.032089,0.000133,,0.28,0.12
HCG34c,05:21:48.88,+06:40:55.4,,9392,0.031328,0.000133,,0.37,0.19
HCG34d,05:21:47.69,+06:41:02.0,,8817,0.029410,0.000220,:,0.15,0.10
HCG35a,08:45:21.25,+44:31:14.1,,15919,0.053100,0.000127,,0.17,0.13
HCG35b,08:45:20.59,+44:30:32.2,,16338,0.054498,0.000107,,0.53,0.46
HCG35c,08:45:18.42,+44:31:39.6,,16249,0.054200,0.000834,,0.35,0.30
HCG35d,08:45:20.71,+44:32:23.1,,15798,0.052696,0.000133,,0.51,0.19
HCG35e,08:45:20.75,+44:30:12.0,,16711,0.055743,0.000178,,0.24,0.14
HCG35f,08:45:20.87,+44:31:59.7,,16330,0.054471,0.000207,,0.14,0.12
HCG37a,09:13:39.46,+29:59:34.7,,6745,0.022499,0.000067,,2.04,0.98
HCG37b,09:13:33.15,+30:00:00.5,,6758,0.022542,0.000077,,1.88,0.28
HCG37c,09:13:37.35,+29:59:58.4,,7356,0.024537,0.000123,,0.3,0.2
HCG37d,09:13:33.80,+30:00:56.8,,6131,0.020451,0.000057,,0.40,0.32
HCG37e,09:13:34.02,+30:02:23.4,,6469,0.021578,0.000060,,0.36,0.35
HCG39a,09:29:27.72,-01:20:44.8,,21119,0.070445,0.000173,,0.35,0.27
HCG39b,09:29:28.48,-01:20:57.9,,21176,0.070636,0.000203,:,0.26,0.19
HCG39c,09:29:29.38,-01:21:09.1,,20667,0.068938,0.000117,,0.26,0.18
HCG39d,09:29:27.13,-01:20:22.3,,21048,0.070209,0.000123,,0.23,0.16
HCG40a,09:38:53.55,-04:50:57.4,,6628,0.022109,0.000090,,1.3,1.0
HCG40b,09:38:54.96,-04:51:57.7,,6842,0.022822,0.000090,,1.1,0.7
HCG40c,09:38:53.61,-04:51:36.6,,6406,0.021369,0.000020,,1.1,0.3
HCG40d,09:38:55.85,-04:50:13.5,,6492,0.021655,0.000070,,0.9,0.4
HCG40e,09:38:55.44,-04:51:30.1,,6633,0.022125,0.000077,,0.7,0.3
HCG42a,10:00:14.29,-19:38:13.1,,3964,0.013222,0.000033,,3.0,1.9
HCG42b,10:00:33.11,-19:39:43.1,,4228,0.014103,0.000060,,1.0,0.8
HCG42c,10:00:10.29,-19:37:18.5,,4005,0.013359,0.000103,,0.4,0.4
HCG42d,10:00:12.98,-19:40:22.9,,4042,0.013483,0.000100,,0.44,0.36
HCG43a,10:11:19.89,-00:01:22.7,,10163,0.033900,0.000127,,0.70,0.27
HCG43b,10:11:07.52,-00:02:31.9,,10087,0.033647,0.000117,,1.01,0.18
HCG43c,10:11:12.66,-00:04:03.1,,9916,0.033076,0.000110,,0.50,0.28
HCG43d,10:11:13.00,-00:05:13.6,,9630,0.032122,0.000123,,0.30,0.27
HCG43e,10:11:14.31,-00:03:04.9,,9636,0.032142,0.000227,:,0.27,0.25
HCG44a,10:18:05.63,+21:49:56.3,,1271,0.004240,0.000047,,4.4,1.5
HCG44b,10:18:24.90,+21:53:38.3,,1381,0.004607,0.000017,,3.0,2.7
HCG44c,10:17:38.57,+21:41:17.7,,1217,0.004060,0.000005,,2.16,1.10
HCG44d,10:17:47.86,+21:52:24.0,,1581,0.005274,0.000010,,3.0,1.3
HCG45a,10:19:13.76,+59:07:51.9,,21811,0.072754,0.000113,,1.21,0.39
HCG45b,10:19:05.32,+59:06:19.9,,22195,0.074035,0.000097,,0.55,0.31
HCG45c,10:19:07.77,+59:05:04.3,,21781,0.072653,0.000162,,0.16,0.10
HCG45d,10:19:16.20,+59:08:15.2,,20735,0.069165,0.000143,,0.28,0.17
HCG46a,10:22:07.11,+17:50:17.2,,8201,0.027356,0.000117,,0.36,0.27
HCG46b,10:22:12.87,+17:51:13.6,,8571,0.028590,0.000120,,0.32,0.26
HCG46c,10:22:12.60,+17:51:34.2,,7906,0.026372,0.000140,,0.26,0.23
HCG46d,10:22:17.20,+17:52:54.7,,7703,0.025694,0.000110,,0.42,0.25
HCG47a,10:25:46.26,+13:43:00.7,,9692,0.032328,0.000065,,1.12,0.59
HCG47b,10:25:48.60,+13:43:40.6,,9487,0.031645,0.000107,,0.61,0.54
HCG47c,10:25:49.00,+13:45:11.4,,9553,0.031865,0.000103,,0.40,0.33
HCG47d,10:25:47.75,+13:44:56.9,,9489,0.031652,0.000156,,0.54,0.45
HCG49a,10:56:41.67,+67:11:05.5,,9937,0.033146,0.000057,,0.48,0.44
HCG49b,10:56:39.17,+67:10:49.0,,9931,0.033126,0.000031,,0.46,0.21
HCG49c,10:56:36.69,+67:10:52.4,,9926,0.033110,0.000200,,0.34,0.26
HCG49d,10:56:33.65,+67:10:40.8,,10010,0.033390,0.000240,,0.34,0.22
HCG50a,11:17:06.40,+54:55:01.7,>,30000,0.139663,0.000394,,0.20,0.19
HCG50b,11:17:08.31,+54:55:02.8,>,30000,0.137328,0.000370,,0.27,0.15
HCG50c,11:17:04.05,+54:55:15.4,>,30000,0.137915,0.000141,,0.19,0.17
HCG50d,11:17:06.54,+54:55:25.2,>,30000,0.141918,0.000207,,0.24,0.14
HCG50e,11:17:08.70,+54:55:14.0,>,30000,0.138929,0.000207,,0.14,0.10
HCG51a,11:22:26.32,+24:17:56.7,,7626,0.025438,0.000083,,1.33,1.23
HCG51b,11:22:14.22,+24:18:00.5,,8219,0.027416,0.000157,,0.8,0.6
HCG51c,11:22:30.07,+24:16:45.4,,8902,0.029694,0.000067,,0.9,0.6
HCG51d,11:22:30.54,+24:17:59.7,,7529,0.025114,0.000107,,0.3,0.3
HCG51e,11:22:13.28,+24:19:01.8,,7700,0.025684,0.000077,,0.3,0.3
HCG51f,11:22:26.38,+24:17:43.6,,7532,0.025124,0.000100,,0.57,0.28
HCG51g,11:22:28.14,+24:17:43.5,,7532,0.025124,0.000137,,0.23,0.19
HCG53a,11:28:50.38,+20:47:42.1,,6261,0.020884,0.000103,,2.28,0.71
HCG53b,11:28:59.87,+20:44:20.9,,6335,0.021131,0.000083,,0.82,0.48
HCG53c,11:28:58.51,+20:44:58.8,,6249,0.020844,0.000057,,0.7,0.5
HCG53d,11:29:14.60,+20:46:23.3,,6280,0.020948,,,0.49,0.27
HCG55a,11:32:06.96,+70:48:55.7,,16070,0.053604,0.000200,,0.44,0.43
HCG55b,11:32:05.64,+70:48:23.6,,15690,0.052336,0.000334,,0.26,0.23
HCG55c,11:32:05.69,+70:48:38.7,,15480,0.051636,0.000334,,0.57,0.38
HCG55d,11:32:06.79,+70:49:16.4,,16070,0.053604,0.000334,,0.27,0.22
HCG56a,11:32:46.70,+52:56:27.2,,8205,0.027370,0.000108,,1.15,0.19
HCG56b,11:32:40.25,+52:57:01.4,,7919,0.026415,0.000127,,0.65,0.36
HCG56c,11:32:36.73,+52:56:51.7,,8110,0.027052,0.000093,,0.74,0.56
HCG56d,11:32:35.33,+52:56:50.1,,8346,0.027839,0.000187,,0.42,0.26
HCG56e,11:32:32.77,+52:56:21.4,,7988,0.026645,0.000099,,0.44,0.31
HCG57a,11:37:53.90,+21:58:53.0,,8727,0.029110,0.000103,,1.7,0.5
HCG57b,11:37:43.62,+22:00:35.4,,9022,0.030094,0.000067,,1.1,0.5
HCG57c,11:37:51.64,+21:58:27.3,,9081,0.030291,0.000120,,0.8,0.7
HCG57d,11:37:54.92,+21:59:07.8,,8977,0.029944,0.000137,,0.4,0.3
HCG57e,11:37:49.06,+22:01:34.1,,8816,0.029407,0.000063,,0.7,0.4
HCG57f,11:37:53.86,+21:56:11.3,,9394,0.031335,0.000130,,0.69,0.40
HCG57g,11:37:44.43,+22:01:16.6,,9463,0.031565,0.000077,,0.4,0.2
HCG57h,11:37:50.50,+22:00:45.2,,9240,0.030821,0.000350,,0.33,0.28
HCG58a,11:42:11.11,+10:16:40.0,,6267,0.020904,0.000020,,1.4,0.8
HCG58b,11:42:23.73,+10:15:50.9,,6503,0.021692,0.000057,,1.68,0.96
HCG58c,11:41:52.95,+10:18:15.8,,6103,0.020357,0.000063,,1.09,0.84
HCG58d,11:42:05.86,+10:21:04.1,,6274,0.020928,0.000037,,0.91,0.73
HCG58e,11:42:04.91,+10:23:03.3,,6102,0.020355,0.000110,,0.65,0.50
HCG59a,11:48:27.52,+12:43:38.6,,4109,0.013706,0.000103,,0.59,0.54
HCG59b,11:48:20.12,+12:42:59.7,,4004,0.013356,0.000087,,0.5,0.5
HCG59c,11:48:32.45,+12:42:19.1,,4394,0.014656,0.000086,,0.90,0.29
HCG59d,11:48:30.66,+12:43:47.3,,3635,0.012125,0.000116,,0.69,0.43
HCG60a,12:03:07.12,+51:40:30.6,,19007,0.063401,0.000153,,0.58,0.45
HCG60b,12:02:56.53,+51:41:42.0,,18396,0.061363,0.000177,,0.38,0.21
HCG60c,12:03:06.93,+51:41:07.6,,19277,0.064301,0.000600,,0.37,0.26
HCG60d,12:03:09.62,+51:40:41.4,,18223,0.060785,0.000157,,0.34,0.28
HCG62a,12:53:05.81,-09:12:13.8,,4259,0.014206,0.000033,,0.7,0.5
HCG62b,12:53:04.46,-09:11:59.7,,3561,0.011878,0.000060,,2.6,2.0
HCG62c,12:53:09.81,-09:11:52.1,,4432,0.014784,0.000057,,0.4,0.3
HCG62d,12:53:06.63,-09:15:27.5,,4174,0.013923,0.000110,,0.66,0.56
HCG65a,13:29:50.93,-29:30:52.7,,13735,0.045815,0.000010,,1.4,0.8
HCG65b,13:29:54.80,-29:29:48.9,,14662,0.048907,0.000150,,0.91,0.40
HCG65c,13:29:53.17,-29:29:30.7,,14147,0.047189,0.000150,,0.63,0.49
HCG65d,13:29:52.12,-29:30:47.3,,13733,0.045810,0.000009,,0.33,0.23
HCG65e,13:29:55.43,-29:29:29.6,,14405,0.048050,0.000357,,0.15,0.15
HCG66a,13:38:38.25,+57:18:44.3,,20688,0.069008,0.000120,,0.45,0.39
HCG66b,13:38:40.38,+57:18:45.1,,21440,0.071515,0.000174,,0.49,0.27
HCG66c,13:38:35.11,+57:18:29.4,,20801,0.069385,0.000247,,0.32,0.16
HCG66d,13:38:34.42,+57:18:15.6,,20666,0.068935,0.000176,,0.17,0.12
HCG67a,13:49:11.40,-07:13:27.8,,7213,0.024060,0.000043,,1.96,1.81
HCG67b,13:48:59.46,-07:11:41.8,,7588,0.025311,0.000033,,2.1,0.4
HCG67c,13:49:12.28,-07:12:32.8,,7528,0.025111,0.000077,,0.7,0.3
HCG67d,13:49:09.80,-07:13:54.3,,7101,0.023686,0.000073,,0.55,0.33
HCG68a,13:53:26.69,+40:16:58.9,,2325,0.007755,0.000010,,2.2,1.1
HCG68b,13:53:26.70,+40:18:09.9,,2579,0.008603,0.000043,,1.4,1.3
HCG68c,13:53:21.63,+40:21:50.2,,2321,0.007742,0.000007,,3.2,2.3
HCG68d,13:53:45.56,+40:20:19.2,,2344,0.007819,0.000017,,1.12,0.72
HCG68e,13:54:00.41,+40:16:38.3,,2412,0.008046,0.000017,,1.24,0.49
HCG69a,13:55:29.76,+25:04:25.2,,8856,0.029540,0.000160,,1.58,0.37
HCG69b,13:55:34.39,+25:02:59.2,,8724,0.029100,0.000090,,0.59,0.38
HCG69c,13:55:32.57,+25:04:27.7,,8546,0.028506,0.000147,,0.45,0.37
HCG69d,13:55:28.38,+25:04:24.9,,8859,0.029552,0.000164,,0.11,0.09
HCG70d,14:04:09.85,+33:20:45.5,,18846,0.062863,0.000163,,0.48,0.40
HCG70e,14:04:05.87,+33:19:14.6,,19117,0.063767,0.000183,,0.4,0.4
HCG70f,14:04:04.32,+33:19:45.2,,19243,0.064188,0.000434,,0.26,0.21
HCG70g,14:04:00.12,+33:19:54.3,,19010,0.063411,0.000300,,0.24,0.21
HCG72a,14:47:53.39,+19:04:37.5,,12506,0.041716,0.000120,,0.5,0.1
HCG72b,14:47:54.92,+19:03:36.1,,12356,0.041215,0.000127,,0.52,0.22
HCG72c,14:47:56.81,+19:02:42.3,,13062,0.043570,0.000133,,0.6,0.2
HCG72d,14:47:55.64,+19:03:26.2,,12558,0.041889,0.000150,,0.2,0.2
HCG72f,14:47:55.11,+19:02:50.7,,13950,0.046532,0.000344,,0.30,0.20
HCG74a,15:19:24.74,+20:53:46.8,,12255,0.040878,0.000100,,0.82,0.77
HCG74b,15:19:24.26,+20:53:26.9,,11976,0.039948,0.000070,,0.62,0.43
HCG74c,15:19:25.84,+20:53:58.3,,12266,0.040915,0.000143,,0.45,0.30
HCG74d,15:19:31.79,+20:53:00.8,,11681,0.038964,0.000140,,0.33,0.26
HCG74e,15:19:27.79,+20:54:32.0,,11489,0.038323,0.000324,,0.20,0.13
HCG75a,15:21:30.25,+21:11:28.4,,12538,0.041822,0.000140,,0.73,0.53
HCG75b,15:21:30.43,+21:11:32.8,,12228,0.040788,0.000143,,0.63,0.17
HCG75c,15:21:38.79,+21:10:37.1,,12292,0.041002,0.000187,,0.35,0.23
HCG75d,15:21:37.20,+21:10:53.5,,12334,0.041142,0.000140,,0.33,0.18
HCG75e,15:21:34.11,+21:10:44.5,,12300,0.041028,0.001001,,0.40,0.18
HCG75f,15:21:29.83,+21:11:07.8,,13080,0.043630,0.000223,:,0.21,0.17
HCG75h,15:21:31.77,+21:10:10.6,,12191,0.040664,,,0.22,0.13
HCG76a,15:31:47.60,+07:18:29.3,,10088,0.033650,0.000093,,0.7,0.2
HCG76b,15:31:40.24,+07:20:20.4,,10002,0.033363,0.000100,,0.68,0.55
HCG76c,15:31:36.82,+07:18:44.7,,10663,0.035568,0.000097,,0.71,0.67
HCG76d,15:31:42.22,+07:17:14.6,,10194,0.034004,0.000097,,0.58,0.49
HCG76e,15:31:50.20,+07:18:41.8,,10328,0.034450,0.000173,,0.27,0.25
HCG76f,15:31:39.50,+07:20:09.4,,10216,0.034077,0.000300,,0.47,0.32
HCG76g,15:31:36.05,+07:20:59.1,,9843,0.032833,0.000270,,1.20,0.21
HCG79a,15:59:11.14,+20:45:17.5,,4560,0.015210,0.000027,,0.5,0.4
HCG79b,15:59:12.54,+20:45:48.1,,4447,0.014834,0.000037,,0.4,0.2
HCG79c,15:59:10.83,+20:45:43.9,,4053,0.013519,0.000027,,0.4,0.2
HCG79d,15:59:11.87,+20:44:51.4,,4620,0.015412,0.000010,,0.9,0.2
HCG79f,15:59:14.48,+20:45:57.3,,4095,0.013659,0.000137,,0.8,0.4
HCG80a,15:59:19.04,+65:13:57.4,,8975,0.029938,0.000015,,0.85,0.18
HCG80b,15:59:21.62,+65:13:22.8,,9584,0.031969,0.000130,,0.34,0.29
HCG80c,15:59:07.05,+65:14:01.5,,9550,0.031855,0.000123,,0.33,0.27
HCG80d,15:59:12.04,+65:13:19.1,,9108,0.030381,0.000180,,0.45,0.18
HCG81a,16:18:13.64,+12:48:10.3,,14676,0.048954,0.000153,,0.40,0.15
HCG81b,16:18:14.13,+12:47:19.2,,15150,0.050535,0.000314,,0.39,0.18
HCG81c,16:18:14.82,+12:47:35.8,,14930,0.049801,0.000181,,0.40,0.30
HCG81d,16:18:14.61,+12:47:44.1,,14954,0.049881,0.000304,,0.26,0.23
HCG82a,16:28:22.37,+32:50:57.6,,11177,0.037282,0.000100,,0.9,0.7
HCG82b,16:28:27.91,+32:50:47.0,,10447,0.034847,0.000123,,0.81,0.57
HCG82c,16:28:20.63,+32:48:38.3,,10095,0.033673,0.000127,,0.84,0.32
HCG82d,16:28:16.88,+32:48:47.8,,11685,0.038977,0.000153,,0.49,0.19
HCG83a,16:35:36.31,+06:15:55.3,,15560,0.051903,0.000200,,0.26,0.26
HCG83b,16:35:40.25,+06:15:44.3,,16442,0.054845,0.000230,,0.30,0.23
HCG83c,16:35:43.15,+06:16:44.5,,16520,0.055105,0.000444,,0.26,0.14
HCG83d,16:35:41.09,+06:15:32.5,,15500,0.051702,0.000444,:,0.12,0.10
HCG84a,16:44:22.82,+77:50:19.5,,16654,0.055552,0.000203,,0.59,0.49
HCG84b,16:44:13.40,+77:51:31.1,,16554,0.055218,0.000244,,0.48,0.21
HCG84c,16:44:30.00,+77:49:48.9,,16353,0.054548,0.000237,,0.50,0.25
HCG84d,16:44:02.44,+77:51:23.3,,16800,0.056039,0.000307,,0.27,0.15
HCG84e,16:44:26.93,+77:50:17.0,,16950,0.056539,0.000270,,0.15,0.15
HCG85a,18:50:18.45,+73:21:05.2,,11155,0.037209,0.000127,,0.53,0.49
HCG85b,18:50:26.33,+73:20:42.7,,12122,0.040435,0.000120,,0.44,0.41
HCG85c,18:50:29.68,+73:21:27.4,,11912,0.039734,0.000157,,0.30,0.14
HCG85d,18:50:36.07,+73:20:57.0,,11900,0.039694,0.000320,,0.22,0.21
HCG86a,19:52:08.77,-30:49:32.7,,6013,0.020057,0.000037,,1.2,0.7
HCG86b,19:51:59.06,-30:48:58.4,,5863,0.019557,0.000030,,0.74,0.55
HCG86c,19:51:57.46,-30:51:25.0,,5317,0.017736,0.000117,,0.57,0.44
HCG86d,19:51:51.94,-30:48:30.4,,5923,0.019757,0.000060,,0.62,0.32
HCG87a,20:48:15.00,-19:50:57.9,,8443,0.028164,0.000047,,1.6,0.3
HCG87b,20:48:10.93,-19:51:23.1,,8738,0.029147,0.000077,,0.7,0.6
HCG87c,20:48:11.99,-19:49:55.9,,8914,0.029733,0.000022,,0.7,0.2
HCG87d,20:48:12.77,-19:50:46.1,,10200,0.034024,0.000534,:,0.26,0.19
HCG88a,20:52:35.43,-05:42:40.1,,6033,0.020124,0.000083,,1.77,0.65
HCG88b,20:52:29.71,-05:44:46.0,,6192,0.020655,0.000050,,1.22,0.90
HCG88c,20:52:26.03,-05:46:20.3,,5956,0.019868,0.000021,,0.98,0.84
HCG88d,20:52:12.77,-05:47:54.0,,6041,0.020152,0.000014,,0.70,0.29
HCG89a,21:20:01.03,-03:55:19.7,,8808,0.029381,0.000026,,0.9,0.6
HCG89b,21:20:19.15,-03:53:45.7,,8884,0.029634,0.000150,,0.70,0.34
HCG89c,21:20:08.35,-03:55:03.4,,8872,0.029594,0.000133,,0.48,0.29
HCG89d,21:20:08.02,-03:54:30.1,,8857,0.029544,0.000107,,0.27,0.17
HCG90a,22:02:01.89,-31:52:10.8,,2603,0.008683,0.000040,,2.5,1.4
HCG90b,22:02:08.44,-31:59:23.1,,2511,0.008376,0.000047,,1.0,0.8
HCG90c,22:02:03.19,-31:58:25.3,,2497,0.008329,0.000040,,1.2,0.9
HCG90d,22:02:06.45,-31:59:34.7,,2659,0.008869,0.000030,,2.3,1.2
HCG91a,22:09:07.68,-27:48:34.1,,6934,0.023128,0.000033,,2.2,1.4
HCG91b,22:09:16.27,-27:43:49.2,,7267,0.024240,0.000103,,1.1,0.2
HCG91c,22:09:14.01,-27:46:55.9,,7190,0.023983,0.000033,,0.80,0.55
HCG91d,22:09:08.40,-27:48:01.6,,7315,0.024400,0.000073,,0.4,0.3
HCG92b,22:35:58.41,+33:57:57.2,,5774,0.019260,0.000080,,1.9,1.2
HCG92c,22:36:03.55,+33:58:32.6,,6747,0.022507,0.000012,,1.7,1.3
HCG92d,22:35:56.75,+33:57:55.7,,6630,0.022115,0.000077,,0.9,0.9
HCG92e,22:35:51.88,+33:56:41.6,,6599,0.022012,0.000087,,1.1,1.1
HCG92f,22:36:20.37,+33:59:05.9,,5985,0.019964,0.000030,,0.7,0.6
HCG93a,23:15:16.01,+18:57:42.5,,5072,0.016918,0.000067,,1.4,1.2
HCG93b,23:15:17.23,+19:02:30.1,,4736,0.015799,0.000011,,2.8,0.7
HCG93c,23:15:03.40,+18:58:24.4,,4772,0.015918,0.000033,,1.1,0.5
HCG93d,23:15:33.09,+19:02:53.4,,5173,0.017255,0.000113,,0.7,0.6
HCG94a,23:17:13.56,+18:42:29.7,,12045,0.040178,0.000107,,1.0,1.0
HCG94b,23:17:11.94,+18:42:04.7,,12068,0.040254,0.000107,,1.4,1.4
HCG94c,23:17:20.24,+18:44:05.5,,11919,0.039757,0.000083,,0.67,0.29
HCG94d,23:17:15.18,+18:42:43.0,,13028,0.043457,0.000080,,0.31,0.19
HCG94e,23:17:15.43,+18:43:38.7,,12250,0.040862,0.000344,,0.49,0.12
HCG94f,23:17:18.48,+18:44:22.6,,13038,0.043490,0.000073,,0.23,0.17
HCG94g,23:17:19.91,+18:44:58.1,,13200,0.044030,0.000380,,0.20,0.11
HCG95a,23:19:30.05,+09:30:29.6,,11879,0.039624,0.000097,,0.88,0.65
HCG95c,23:19:31.09,+09:30:10.7,,11562,0.038567,0.000133,,0.95,0.31
HCG95d,23:19:27.84,+09:29:39.7,,12350,0.041195,0.000324,,0.74,0.15
HCG96a,23:27:56.72,+08:46:44.5,,8671,0.028924,0.000030,,1.1,1.0
HCG96b,23:28:05.92,+08:46:06.9,,8616,0.028740,0.000140,,0.62,0.47
HCG96c,23:27:58.78,+08:46:58.1,,8852,0.029527,0.000033,,0.41,0.29
HCG96d,23:28:00.20,+08:46:02.4,,8975,0.029937,0.000190,,0.22,0.12
HCG97a,23:47:22.99,-02:18:02.4,,6932,0.023123,0.000073,,1.7,1.1
HCG97b,23:47:37.86,-02:19:00.0,,6666,0.022235,0.000070,,1.06,0.12
HCG97c,23:47:23.79,-02:21:04.5,,6003,0.020024,0.000087,,0.78,0.49
HCG97d,23:47:18.93,-02:18:48.6,,6328,0.021108,0.000100,,0.94,0.82
HCG97e,23:47:19.90,-02:16:50.4,,6665,0.022232,0.000080,,0.39,0.33
HCG99a,00:00:37.94,+28:23:04.4,,8705,0.029037,0.000030,,1.1,0.4
HCG99b,00:00:46.96,+28:24:07.3,,8764,0.029234,0.000063,,1.0,0.9
HCG99c,00:00:44.00,+28:24:05.2,,8157,0.027209,0.000107,,0.8,0.4
HCG99d,00:00:45.09,+28:22:18.2,,8643,0.028830,0.000274,,0.72,0.46
HCG99e,00:00:42.41,+28:22:08.4,,9007,0.030044,0.000320,,0.38,0.30
HCG100a,00:01:19.97,+13:06:40.5,,5366,0.017899,0.000020,,1.0,0.6
HCG100b,00:01:26.04,+13:06:46.8,,5256,0.017532,0.000117,,0.58,0.52
HCG100c,00:01:13.38,+13:08:38.6,,5461,0.018216,0.000127,,0.9,0.5
HCG100d,00:01:14.97,+13:06:45.2,,5590,0.018646,0.000107,,,
